{"text": " And you are not the real truth of it.", "segments": [{"id": 0, "seek": 0, "start": 0.0, "end": 3.0, "text": " And you are not the real truth of it.", "tokens": [50364, 400, 291, 366, 406, 264, 957, 3494, 295, 309, 13, 50514], "temperature": 0.0, "avg_logprob": -0.8422511907724234, "compression_ratio": 0.8222222222222222, "no_speech_prob": 0.010171405039727688}], "language": "English"}