{"text": " Is there any more company in the US doing it? Yeah.", "segments": [{"id": 0, "seek": 0, "start": 0.0, "end": 2.16, "text": " Is there any more company in the US doing it?", "tokens": [50364, 1119, 456, 604, 544, 2237, 294, 264, 2546, 884, 309, 30, 50472], "temperature": 1.0, "avg_logprob": -1.8571595085991754, "compression_ratio": 0.9622641509433962, "no_speech_prob": 0.03933540731668472}, {"id": 1, "seek": 0, "start": 2.16, "end": 3.52, "text": " Yeah.", "tokens": [50472, 865, 13, 50540], "temperature": 1.0, "avg_logprob": -1.8571595085991754, "compression_ratio": 0.9622641509433962, "no_speech_prob": 0.03933540731668472}], "language": "English"}