{"text": " lived not happily. But are having fun.", "segments": [{"id": 0, "seek": 0, "start": 0.0, "end": 7.0, "text": " lived not happily. But are having fun.", "tokens": [50364, 5152, 406, 19909, 13, 583, 366, 1419, 1019, 13, 50714], "temperature": 0.0, "avg_logprob": -0.5680578152338663, "compression_ratio": 0.8444444444444444, "no_speech_prob": 0.005170467309653759}], "language": "English"}