{"text": " Hello, this is Test Part 2. Can you hear me? Are you recording?", "segments": [{"id": 0, "seek": 0, "start": 0.0, "end": 5.0, "text": " Hello, this is Test Part 2.", "tokens": [50364, 2425, 11, 341, 307, 9279, 4100, 568, 13, 50614], "temperature": 0.0, "avg_logprob": -0.4618213176727295, "compression_ratio": 0.9545454545454546, "no_speech_prob": 0.03831027075648308}, {"id": 1, "seek": 0, "start": 5.0, "end": 7.0, "text": " Can you hear me?", "tokens": [50614, 1664, 291, 1568, 385, 30, 50714], "temperature": 0.0, "avg_logprob": -0.4618213176727295, "compression_ratio": 0.9545454545454546, "no_speech_prob": 0.03831027075648308}, {"id": 2, "seek": 0, "start": 7.0, "end": 9.0, "text": " Are you recording?", "tokens": [50714, 2014, 291, 6613, 30, 50814], "temperature": 0.0, "avg_logprob": -0.4618213176727295, "compression_ratio": 0.9545454545454546, "no_speech_prob": 0.03831027075648308}], "language": "English"}