{"text": " Once upon a time, there was a poem, another poem, and a third poem.", "segments": [{"id": 0, "seek": 0, "start": 0.0, "end": 6.32, "text": " Once upon a time, there was a poem, another poem, and a third poem.", "tokens": [50364, 3443, 3564, 257, 565, 11, 456, 390, 257, 13065, 11, 1071, 13065, 11, 293, 257, 2636, 13065, 13, 50680], "temperature": 0.0, "avg_logprob": -0.34949684143066406, "compression_ratio": 1.1355932203389831, "no_speech_prob": 0.006152278743684292}], "language": "English"}