{"text": " They all just", "segments": [{"id": 0, "seek": 0, "start": 0.0, "end": 1.82, "text": " They all just", "tokens": [50363, 1119, 477, 655, 50454], "temperature": 1.0, "avg_logprob": -3.0110737482706704, "compression_ratio": 0.6190476190476191, "no_speech_prob": 0.44382089376449585}], "language": "English"}