{"text": " This is a test, are you recording this information?", "segments": [{"id": 0, "seek": 0, "start": 0.0, "end": 2.6, "text": " This is a test, are you recording this information?", "tokens": [50364, 639, 307, 257, 1500, 11, 366, 291, 6613, 341, 1589, 30, 50494], "temperature": 0.0, "avg_logprob": -0.49491303307669504, "compression_ratio": 0.9444444444444444, "no_speech_prob": 0.02058393694460392}], "language": "Japanese"}